http://i.imgur.com/FApqk3D.jpg;15 15 15;0 0 0;15 12 0;
http://i.imgur.com/TKLs9lo.jpg;15 15 15;9 9 9;14 14 14;
https://i.redd.it/d8021b5i2moy.jpg;0 0 0;1 1 2;5 4 3;
https://i.redd.it/4m5yk8gjrtzy.jpg;0 0 0;1 0 0;2 0 0;
https://i.redd.it/xae65ypfqycy.jpg;15 15 15;12 3 2;8 3 3;
http://i.imgur.com/lcEUZHv.jpg;15 15 15;12 11 11;4 4 5;
https://i.redd.it/1nlgrn49x7ry.jpg;1 1 1;2 2 1;1 1 0;
http://i.imgur.com/M3NOzLC.jpg;9 9 8;8 8 7;4 4 3;
https://i.redd.it/w5q6gldnvcuy.jpg;15 15 15;1 1 3;1 1 1;
https://i.redd.it/s5viyluv421z.jpg;11 8 4;15 14 13;10 7 3;
https://i.redd.it/h5t3qddvvzry.jpg;0 0 0;1 0 0;1 1 1;
https://i.redd.it/ftd3sx5ah13z.jpg;12 6 4;10 4 2;11 5 3;
https://i.redd.it/7ofdqmp53bzy.jpg;11 10 8;10 9 7;9 8 6;
http://i.imgur.com/sXhEQez.jpg;15 15 15;0 0 0;1 1 1;
https://i.redd.it/cwljeujku33z.jpg;14 14 13;14 13 13;13 13 13;
https://i.redd.it/fsuv32a1cc9y.jpg;15 15 15;9 7 6;14 14 14;
http://i.imgur.com/tyDhTll.jpg;0 0 0;1 1 1;1 0 0;
http://i.imgur.com/enhDnTM.jpg has an invalid file format
http://i.imgur.com/puEqa4C.jpg;8 8 9;9 8 9;9 9 10;
https://i.redd.it/ihczg3pmle3z.jpg;10 11 10;10 10 9;9 10 9;
https://i.redd.it/cpkq97klre4z.jpg;10 10 9;9 9 8;8 8 7;
http://i.imgur.com/RycdbMO.jpg;2 2 2;12 11 10;11 10 9;
https://i.redd.it/sn7ufk9fsv4z.jpg;12 13 13;1 1 1;12 12 13;
https://i.redd.it/n9jq5j2tatcy.jpg;15 15 15;11 11 10;12 12 11;
https://i.redd.it/0qow2dksb34z.jpg;5 5 4;4 4 3;3 3 2;
http://i.imgur.com/pt9rmrv.jpg;15 15 15;15 14 13;15 13 11;
http://i.imgur.com/6pnYQUv.jpg;1 1 1;8 8 8;2 2 2;
https://i.imgur.com/HRgRMOw.jpg;10 10 10;4 8 5;3 8 5;
https://i.redd.it/rubsfuf64lvy.jpg;11 11 10;13 14 14;11 10 9;
https://i.redd.it/nrafqoujmety.jpg;2 2 2;3 2 2;3 3 3;
https://i.redd.it/ru12lvaf7jyy.jpg;10 10 10;11 11 11;9 9 9;
https://i.redd.it/c5pk0vnpg3ty.jpg;6 8 12;15 15 15;6 8 13;
http://i.imgur.com/qvnjbVw.jpg;10 10 10;10 10 11;10 11 11;
https://i.redd.it/ax4eueu0szpy.jpg;11 11 12;11 9 9;12 10 10;
https://i.redd.it/guul6eld2soy.jpg;8 7 6;9 8 7;7 7 6;
http://i.imgur.com/Gh2I3pq.jpg;11 10 9;12 11 10;10 9 8;
https://i.redd.it/m4cfqp8wfv5z.jpg;13 13 13;12 12 12;1 1 1;
https://i.redd.it/tb5pckm6e72y.jpg;11 11 10;10 10 10;1 1 1;
https://i.redd.it/fyqzavufvjwy.jpg;13 10 7;7 7 7;4 2 1;
https://i.redd.it/lsuw4p2ncyny.jpg;10 7 4;11 8 4;9 6 3;
http://i.imgur.com/enhDnTM.jpg has an invalid file format
